m,n,lcf,mcf,ucf
0,5,0.0,0.0,0.0
1,5,0.005509641873278237,0.008264462809917356,0.06887052341597796
2,5,0.018365472910927456,0.03305785123966942,0.37706611570247933
3,5,0.04836241199877563,0.10743801652892562,0.7851239669421488
4,5,0.11835526987042139,0.3305785123966942,0.967741935483871
5,5,0.2816719382375948,1.0,1.0
