,skdim MLE,skdim TwoNN,eDCF
1000,3.5833333333333335,3.0833333333333335,5.875
2000,3.6666666666666665,3.5416666666666665,6.666666666666667
4000,3.4583333333333335,3.5,5.083333333333333
8000,3.4583333333333335,3.75,5.083333333333333
16000,3.4166666666666665,4.0,5.708333333333333
32000,3.2916666666666665,3.9166666666666665,5.708333333333333
64000,3.625,4.333333333333333,4.625
