,skdim MLE,skdim TwoNN,eDCF
1000,2.5,0.6666666666666666,-1.5416666666666667
2000,1.9166666666666667,0.625,-3.25
4000,1.4583333333333333,0.08333333333333333,-1.0
8000,1.125,-0.25,-1.9166666666666667
16000,0.6666666666666666,-0.75,-3.125
32000,0.5416666666666666,-0.8333333333333334,-3.125
64000,-0.125,-1.5,-1.875
