,skdim MLE,skdim TwoNN,eDCF
1000,20.833333333333336,20.833333333333336,16.666666666666664
2000,8.333333333333332,16.666666666666664,8.333333333333332
4000,16.666666666666664,16.666666666666664,16.666666666666664
8000,16.666666666666664,16.666666666666664,20.833333333333336
16000,20.833333333333336,16.666666666666664,29.166666666666668
32000,20.833333333333336,16.666666666666664,29.166666666666668
64000,16.666666666666664,12.5,25.0
